# corpora scanned (10): ada_drivers_library,aws,coap_spark,cubedos,gnatcoll,libkeccak,project_bias,saatana,sparknacl,tokeneer
# check	exercised	presets	corpora	findings	files
No_Goto	yes	automotive,spark,verify	10	140	3
No_Abort	yes	automotive,spark,verify	10	3	1
No_Raise	yes	automotive,spark,verify	10	1462	144
No_Exit	no	-	0	0	0
No_Label	yes	automotive	2	0	0
No_Pragma	no	-	0	0	0
No_Access_To_Subp_Def	yes	automotive,spark,verify	10	416	69
No_Unchecked_Conversion	yes	automotive,spark,verify	10	125	27
No_Unchecked_Access	yes	automotive,spark,verify	10	120	21
Floating_Equality	yes	automotive,spark,verify	10	100	8
Magic_Number	yes	automotive	2	1562	166
Unused_Parameter	yes	recommended	4	82	8
Wrong_Parameter_Mode	yes	recommended	4	51	27
Dead_Store	yes	automotive,recommended,spark,verify	10	332	53
Overwritten_Assignment	yes	automotive,recommended,spark,verify	10	31	6
Shadowed_Declaration	yes	automotive	2	486	60
Unreachable_Case_Alternative	yes	automotive,recommended	4	0	0
Overlapping_Case_Ranges	yes	automotive,recommended	4	0	0
Infinite_Loop	yes	automotive,recommended,spark,verify	10	39	16
Duplicate_Boolean_Operand	yes	recommended	4	0	0
Redundant_Abs	no	-	0	0	0
Redundant_Unary_Minus	no	-	0	0	0
Exception_Swallowed	yes	automotive,recommended	4	24	6
Cyclomatic_Complexity	yes	automotive	2	105	52
Constant_Condition	yes	automotive,recommended,spark,verify	10	13	4
Unreachable_Code	yes	automotive,recommended,spark,verify	10	46	3
Division_By_Zero	yes	automotive,recommended,spark,verify	10	0	0
Integer_Division_Before_Multiplication	no	-	0	0	0
Excessive_Shift_Amount	no	-	0	0	0
Known_Negative_Shift_Amount_Failure	no	-	0	0	0
Known_Negative_Exponent_Failure	no	-	0	0	0
Succ_Pred_Boundary_Overflow	no	-	0	0	0
Reversed_Range	yes	automotive,recommended,spark,verify	10	0	0
Self_Assignment	yes	automotive,recommended,spark,verify	10	0	0
Same_Operand	yes	recommended	4	0	0
Duplicate_Condition	yes	recommended	4	0	0
Duplicate_With_Clause	no	-	0	0	0
Duplicate_Exception_Choice	no	-	0	0	0
Null_Statement	no	-	0	0	0
Redundant_Final_Return	no	-	0	0	0
Empty_Exception_Handler	yes	recommended	4	25	15
Unreachable_Branch	yes	automotive,recommended	4	0	0
Contradictory_Condition	yes	automotive,recommended,spark,verify	10	0	0
Contradictory_Range_Condition	no	-	0	0	0
Identical_Branches	yes	recommended	4	17	11
Repeated_Statement	yes	recommended	4	1	1
Ineffective_Operation	yes	recommended	4	2	2
Constant_Result_Operation	yes	recommended	4	1	1
Empty_Loop	yes	recommended	4	46	8
No_Recursion	yes	automotive,spark,verify	10	579	20
No_Multiple_Return	yes	automotive	2	494	121
Non_Short_Circuit_Condition	yes	automotive,spark,verify	10	190	52
Address_Clause	yes	automotive,spark,verify	10	95	14
Too_Many_Parameters	no	-	0	0	0
Swappable_Parameters	yes	recommended	4	655	108
Deep_Nesting	yes	automotive	2	50	28
Unused_Variable	yes	recommended	4	14	11
Empty_If_Body	yes	recommended	4	1	1
Empty_Elsif_Body	yes	recommended	4	6	6
Empty_Then_Body	yes	recommended	4	17	11
Empty_Else_Body	yes	recommended	4	3	3
Null_Case_Alternative	yes	recommended	4	46	27
Unnecessary_Else_After_Return	no	-	0	0	0
Redundant_If_Boolean_Return	no	-	0	0	0
Function_Side_Effect	yes	automotive,recommended,spark,verify	10	137	14
Redundant_Boolean_Comparison	yes	recommended	4	17	4
Long_Line	no	-	0	0	0
Trailing_Whitespace	no	-	0	0	0
SPARK_Mode	yes	automotive,spark,verify	10	57	45
Missing_Global_Contract	yes	automotive,spark,verify	10	2792	166
Global_Contract_Mismatch	yes	automotive,spark,verify	10	599	58
Missing_Depends_Contract	yes	automotive,spark,verify	10	4381	266
Incomplete_Depends_Contract	yes	automotive,spark,verify	10	0	0
Depends_Contract_Mismatch	yes	automotive,spark,verify	10	208	29
Uninitialized_Output	yes	automotive,recommended,spark,verify	10	546	76
Uninitialized_Read	yes	automotive,recommended	4	13	4
Missing_Overriding_Indicator	yes	automotive	2	0	0
Inefficient_String_Concatenation	no	-	0	0	0
Circular_Package_Dependency	yes	automotive	2	0	0
Duplicate_Subprogram	yes	recommended	4	233	59
Known_Precondition_Failure	yes	automotive,recommended,spark,verify	10	0	0
Known_Postcondition_Failure	yes	automotive,recommended,spark,verify	10	0	0
Known_Assertion_Failure	yes	automotive,recommended,spark,verify	10	3	1
Assertion_Side_Effect	no	-	0	0	0
Entry_Barrier_Side_Effect	no	-	0	0	0
Known_Range_Check_Failure	yes	automotive,recommended,spark,verify	10	0	0
Known_Index_Check_Failure	yes	automotive,recommended,spark,verify	10	0	0
Known_Overflow_Failure	yes	automotive,recommended,spark,verify	10	0	0
Identical_Case_Alternative	yes	recommended	4	9	4
Redundant_Type_Conversion	yes	automotive,recommended	4	4	2
Handler_Order	yes	recommended	4	0	0
Reraise_Discards_Occurrence	no	-	0	0	0
Aliasing_Between_Parameters	yes	automotive,recommended,spark,verify	10	1	1
Missing_Loop_Variant	yes	automotive,spark,verify	10	116	46
Known_Discriminant_Check_Failure	yes	automotive,recommended,spark,verify	10	0	0
Known_Enum_Val_Failure	no	-	0	0	0
Known_Value_Conversion_Failure	no	-	0	0	0
Potentially_Blocking_Operation	yes	automotive,spark,verify	10	15	1
No_Dynamic_Allocation	yes	automotive	2	230	68
Restricted_Access_Type	yes	automotive	2	399	111
No_Explicit_Dereference	yes	automotive	2	615	92
No_Unchecked_Deallocation	yes	automotive	2	60	32
No_Tasking	yes	automotive	2	11	9
No_Rendezvous	yes	automotive	2	39	19
No_Select	yes	automotive	2	9	6
No_Requeue	yes	automotive	2	4	3
No_Asynchronous_Transfer	yes	automotive	2	0	0
Exception_Propagation	yes	automotive	2	973	88
No_Dispatching_Call	yes	automotive	2	1221	83
No_Classwide_Type	yes	automotive	2	747	150
No_Controlled_Type	yes	automotive	2	20	13
Complete_Initialization	yes	automotive	2	2469	256
Volatile_Atomic_Consistency	yes	automotive	2	8	6
Representation_Clause_Policy	yes	automotive	2	67	25
Library_Level_Initialization	yes	automotive	2	35	18
Generic_Instantiation_Limit	yes	automotive	2	2	2
Dependency_Limit	yes	automotive	2	4	4
Naming_Convention	yes	automotive	2	3033	188
No_Compiler_Extensions	yes	automotive	2	279	141
No_Runtime_Check_Suppression	yes	automotive	2	15	4
Missing_Requirement_Trace	no	-	0	0	0
Malformed_Requirement_Trace	no	-	0	0	0
Suppression_Without_Rationale	yes	automotive	2	0	0
Use_After_Free	yes	recommended	4	12	6
Double_Free	yes	recommended	4	6	4
Unclosed_File_Handle	yes	recommended	4	1	1
Unused_With_Clause	yes	recommended	4	10	9
No_Use_Package_Clause	no	-	0	0	0
Others_In_Case_Statement	no	-	0	0	0
Others_In_Exception_Handler	no	-	0	0	0
Others_In_Aggregate	no	-	0	0	0
Unnamed_Exit	no	-	0	0	0
Unnamed_Block_Or_Loop	no	-	0	0	0
Implicit_In_Mode	no	-	0	0	0
Function_Out_Parameter	no	-	0	0	0
Raising_Predefined_Exception	no	-	0	0	0
Anonymous_Array_Type	no	-	0	0	0
Enumeration_Representation_Clause	no	-	0	0	0
Relative_Delay	no	-	0	0	0
No_Block_Statement	no	-	0	0	0
Global_Variable	no	-	0	0	0
Predefined_Numeric_Type	no	-	0	0	0
Abstract_Type_Declaration	no	-	0	0	0
Exit_From_Conditional_Loop	no	-	0	0	0
Expanded_Loop_Exit_Name	no	-	0	0	0
Conditional_Expression	no	-	0	0	0
Quantified_Expression	no	-	0	0	0
Membership_Test	no	-	0	0	0
Generic_In_Out_Object	no	-	0	0	0
Generic_In_Subprogram	no	-	0	0	0
Local_Use_Clause	no	-	0	0	0
Library_Level_Subprogram	no	-	0	0	0
Multiple_Protected_Entries	no	-	0	0	0
Non_Tagged_Derived_Type	no	-	0	0	0
No_Closing_Name	no	-	0	0	0
Operator_Renaming	no	-	0	0	0
Overloaded_Operator	no	-	0	0	0
Single_Value_Enumeration_Type	no	-	0	0	0
Unconstrained_Array_Type	no	-	0	0	0
Unconditional_Exit	no	-	0	0	0
Binary_Case_Statement	no	-	0	0	0
Concurrent_Interface	no	-	0	0	0
Anonymous_Access_Type	no	-	0	0	0
Renaming_Declaration	no	-	0	0	0
Separate_Unit	no	-	0	0	0
Array_Slice	no	-	0	0	0
Number_Declaration	no	-	0	0	0
Local_Package	no	-	0	0	0
Declaration_In_Block	no	-	0	0	0
Outer_Loop_Exit	no	-	0	0	0
Exit_Without_Loop_Name	no	-	0	0	0
Expression_Function	no	-	0	0	0
Size_Attribute_For_Type	no	-	0	0	0
Enumeration_Range_In_Case_Statement	no	-	0	0	0
Missing_Header	no	-	0	0	0
Lowercase_Keyword	no	-	0	0	0
Printable_ASCII	no	-	0	0	0
End_Of_Line_Comment	no	-	0	0	0
Annotated_Comment	no	-	0	0	0
Maximum_Lines	no	-	0	0	0
Maximum_Identifier_Length	no	-	0	0	0
Numeric_Format	no	-	0	0	0
Parameters_Out_Of_Order	no	-	0	0	0
Maximum_Subprogram_Lines	no	-	0	0	0
Maximum_Out_Parameters	no	-	0	0	0
Default_Parameter	no	-	0	0	0
Forbidden_Identifier	no	-	0	0	0
Uncommented_Begin	no	-	0	0	0
Uncommented_Begin_In_Package_Body	no	-	0	0	0
Uncommented_End_Record	no	-	0	0	0
Object_Declaration_Out_Of_Order	no	-	0	0	0
One_Construct_Per_Line	no	-	0	0	0
Logical_SLOC	no	-	0	0	0
Positional_Parameter	no	-	0	0	0
Positional_Defaulted_Parameter	no	-	0	0	0
Positional_Generic_Parameter	no	-	0	0	0
Positional_Component	no	-	0	0	0
Non_Qualified_Aggregate	no	-	0	0	0
Nested_Subprogram	no	-	0	0	0
Boolean_Relational_Operator	no	-	0	0	0
Fixed_Equality	no	-	0	0	0
Unconstrained_Array_Return	no	-	0	0	0
Deriving_From_Predefined_Type	no	-	0	0	0
Visible_Component	no	-	0	0	0
Object_Of_Anonymous_Type	no	-	0	0	0
Numeric_Indexing	no	-	0	0	0
Local_Instantiation	no	-	0	0	0
Explicit_Inlining	no	-	0	0	0
Pos_On_Enumeration_Type	no	-	0	0	0
Implicit_Small	no	-	0	0	0
Ada05_Formal_Package	no	-	0	0	0
Separate_Numeric_Error_Handler	no	-	0	0	0
Forbidden_Aspect	no	-	0	0	0
Forbidden_Attribute	no	-	0	0	0
Forbidden_Dependence	no	-	0	0	0
One_Tagged_Type_Per_Package	no	-	0	0	0
Explicit_Full_Discrete_Range	no	-	0	0	0
Universal_Range	no	-	0	0	0
Missing_Others_Handler	no	-	0	0	0
Default_Value_For_Record_Component	no	-	0	0	0
Uninitialized_Global_Variable	no	-	0	0	0
Deep_Library_Hierarchy	no	-	0	0	0
Deeply_Nested_Generic	no	-	0	0	0
Overly_Nested_Scope	no	-	0	0	0
Specific_Type_Invariant	no	-	0	0	0
Volatile_Object_Without_Address	no	-	0	0	0
Too_Many_Primitives	no	-	0	0	0
Deep_Inheritance_Hierarchy	no	-	0	0	0
Too_Many_Parents	no	-	0	0	0
Specific_Pre_Post	no	-	0	0	0
Constructor	no	-	0	0	0
Misnamed_Controlling_Parameter	no	-	0	0	0
Non_Component_In_Barrier	no	-	0	0	0
Identifier_Casing	no	-	0	0	0
Identifier_Prefixes	no	-	0	0	0
Identifier_Suffixes	no	-	0	0	0
Constant_Overlay	no	-	0	0	0
Non_Constant_Overlay	no	-	0	0	0
Nonoverlay_Address_Specification	no	-	0	0	0
Not_Imported_Overlay	no	-	0	0	0
Address_Of_Non_Volatile_Object	no	-	0	0	0
Access_To_Local_Object	no	-	0	0	0
Bit_Record_Without_Layout	no	-	0	0	0
No_Scalar_Storage_Order	no	-	0	0	0
Incomplete_Representation_Specification	no	-	0	0	0
Misplaced_Representation_Item	no	-	0	0	0
Representation_Specification	no	-	0	0	0
Unchecked_Address_Conversion	no	-	0	0	0
Unchecked_Conversion_As_Actual	no	-	0	0	0
Use_Simple_Loop	no	-	0	0	0
Use_While_Loop	no	-	0	0	0
Use_For_Loop	no	-	0	0	0
Use_Range	no	-	0	0	0
Use_Membership	no	-	0	0	0
Use_If_Expression	no	-	0	0	0
Use_Case_Statement	no	-	0	0	0
Use_Record_Aggregate	no	-	0	0	0
Use_For_Of_Loop	no	-	0	0	0
Use_Array_Slice	no	-	0	0	0
Discriminated_Record	no	-	0	0	0
Anonymous_Subtype	no	-	0	0	0
No_Explicit_Real_Range	no	-	0	0	0
Direct_Equality	no	-	0	0	0
Membership_For_Validity	no	-	0	0	0
Positional_Defaulted_Generic_Parameter	no	-	0	0	0
Deeply_Nested_Instantiation	no	-	0	0	0
Too_Many_Generic_Dependencies	no	-	0	0	0
Raising_External_Exception	no	-	0	0	0
Final_Package	no	-	0	0	0
Direct_Call_To_Primitive	no	-	0	0	0
Downward_View_Conversion	no	-	0	0	0
Specific_Parent_Type_Invariant	no	-	0	0	0
No_Inherited_Classwide_Pre	no	-	0	0	0
Non_SPARK_Attribute	no	-	0	0	0
Nested_Path	no	-	0	0	0
Essential_Complexity	no	-	0	0	0
Maximum_Expression_Complexity	no	-	0	0	0
Improperly_Located_Instantiation	no	-	0	0	0
Function_Style_Procedure	no	-	0	0	0
Exception_As_Control_Flow	no	-	0	0	0
Complex_Inlined_Subprogram	no	-	0	0	0
Call_In_Exception_Handler	no	-	0	0	0
Ada_2022_In_Ghost_Code	no	-	0	0	0
Actual_Parameter	no	-	0	0	0
Same_Logic	no	-	0	0	0
Suspicious_Equality	no	-	0	0	0
Non_Visible_Exception	no	-	0	0	0
Outbound_Protected_Assignment	no	-	0	0	0
Outside_Reference_From_Subprogram	no	-	0	0	0
Variable_Scoping	no	-	0	0	0
Out_Parameter_Read_In_Exception_Handler	no	-	0	0	0
Predicate_Testing	no	-	0	0	0
Profile_Discrepancy	no	-	0	0	0
Side_Effect_Parameter	no	-	0	0	0
