# route_id	producer_id	kind	positive_method	positive_fixture	positive_operation	adversarial_fixture	adversarial_operation	adversarial_status	unsupported_fixture	unsupported_operation	solver_required	note
precondition-contract	precondition-decision	precondition	contract-transfer	tests/verification_proof_paths_abstract.adb	Require_Positive (V)	tests/verification_mutation_contracts.adb	Require_Positive (0)	definite-error	-	-	no	Exact abstract actual satisfies the contract.
precondition-external	precondition-decision	precondition	external-prover	tests/verification_vc_contracts.adb	Needs_Reflexive (X)	tests/verification_mutation_contracts.adb	Require_Positive (0)	definite-error	tests/verification_vc_contract_loop_provenance.adb	Require_Square (X)	yes	Relational contract requires the solver portfolio.
range-abstract	range-abstract	range-check	abstract-interpretation	tests/verification_clean.adb	Input + 1	tests/verification_mutation_runtime.adb	X	definite-error	-	-	no	Interval containment path.
range-external	range-external	range-check	external-prover	tests/verification_vc_runtime_solver.adb	X - Y	tests/verification_mutation_runtime.adb	X	definite-error	tests/verification_vc_runtime_solver.adb	X ** 2	yes	Relational bounds path.
index-abstract	index-abstract	index-check	abstract-interpretation	tests/verification_array_index_clean.adb	Index	tests/verification_mutation_runtime.adb	X	definite-error	-	-	no	Interval index containment path.
index-external	index-external	index-check	external-prover	tests/verification_vc_runtime_solver.adb	X - Y + 10	tests/verification_mutation_runtime.adb	X	definite-error	tests/verification_vc_runtime_solver.adb	X ** 2	yes	Relational index bounds path.
division-abstract	division-abstract	division-by-zero	abstract-interpretation	tests/verification_proof_paths_abstract.adb	2	tests/verification_mutation_runtime.adb	(X - 11)	definite-error	-	-	no	Interval excludes zero.
division-external	division-external	division-by-zero	external-prover	tests/verification_vc_runtime_solver.adb	(Y - X)	tests/verification_mutation_runtime.adb	(X - 11)	definite-error	tests/verification_vc_runtime_solver.adb	(X ** 2)	yes	Relational nonzero path.
overflow-abstract	overflow-abstract	integer-overflow	abstract-interpretation	tests/verification_proof_paths_abstract.adb	10 / 2	tests/verification_mutation_runtime.adb	Integer'Last + X	definite-error	-	-	no	Interval result fits the base type.
overflow-external	overflow-external	integer-overflow	external-prover	tests/verification_vc_runtime_solver.adb	X - Y	tests/verification_mutation_runtime.adb	Integer'Last + X	definite-error	tests/verification_vc_runtime_solver.adb	X ** 2	yes	Relational base-type bounds path.
initialization-live	initialization-live	initialization-check	flow-analysis	tests/verification_initialization_defaults_clean.adb	Copy	tests/verification_initialization_error.adb	Source	definite-error	-	-	no	Live flow-state producer; final replay is authoritative.
assertion-abstract	assertion-decision	assertion	abstract-interpretation	tests/verification_proof_paths_abstract.adb	V >= 0	tests/verification_vc_error.adb	X /= X	definite-error	-	-	no	Abstract Boolean decision.
assertion-external	assertion-decision	assertion	external-prover	tests/verification_vc_clean.adb	X = X	tests/verification_vc_error.adb	X /= X	definite-error	tests/verification_vc_unsupported_provenance.adb	X ** 2 >= 0	yes	Scalar Boolean VC decision.
assertion-enum-assignment	assertion-decision	assertion	external-prover	tests/verification_vc_enum_assignment.adb	Current = Admin	tests/verification_vc_enum_assignment_error.adb	Truth = True	definite-error	tests/verification_vc_unsupported_scalar_sort.adb	Copy = Input	yes	Declaration-resolved enum bindings remain integer-sorted; fixed-point scalars retain explicit sort-mismatch provenance.
postcondition-legacy	postcondition-legacy	postcondition	abstract-interpretation	tests/verification_proof_paths_abstract.adb	Sink = 5	tests/verification_mutation_contracts.adb	Y /= X	definite-error	-	-	no	Legacy flow producer is overwritten by final CFG replay.
loop-init-abstract	loop-invariant-initialization	loop-invariant-initialization	abstract-interpretation	tests/verification_loop_clean.adb	I >= 0	tests/verification_mutation_loop_initialization.adb	I = 0	unproved	-	-	no	Abstract loop-entry discharge.
loop-init-external	loop-invariant-initialization	loop-invariant-initialization	external-prover	tests/verification_loop_vc_relational.adb	I >= 0 and then I <= 3 and then Y = X + I	tests/verification_mutation_loop_initialization.adb	I = 0	unproved	tests/verification_vc_contract_loop_provenance.adb	X ** 2 >= 0	yes	Relational loop-entry VC.
loop-preserve-abstract	loop-invariant-preservation	loop-invariant-preservation	abstract-interpretation	tests/verification_loop_clean.adb	I >= 0	tests/verification_loop_vc_broken.adb	I >= 0 and then I <= 3 and then Y = X + I	unproved	-	-	no	Abstract one-iteration preservation.
loop-preserve-external	loop-invariant-preservation	loop-invariant-preservation	external-prover	tests/verification_loop_vc_relational.adb	I >= 0 and then I <= 3 and then Y = X + I	tests/verification_loop_vc_broken.adb	I >= 0 and then I <= 3 and then Y = X + I	unproved	tests/verification_vc_contract_loop_provenance.adb	X ** 2 >= 0	yes	Relational one-iteration preservation VC.
loop-variant-progress	loop-variant-progress	loop-variant	external-prover	tests/verification_loop_clean.adb	3 - I	tests/verification_loop_variant_wrong_direction.adb	I	definite-error	tests/verification_loop_variant_unsupported.adb	I ** 2	yes	Strict progress and machine-type bounds across one generic iteration.
initialization-final	initialization-final	initialization-check	flow-analysis	tests/verification_initialization_defaults_clean.adb	Copy	tests/verification_initialization_error.adb	Source	definite-error	-	-	no	Authoritative converged flow-state replay.
postcondition-final-abstract	postcondition-final	postcondition	abstract-interpretation	tests/verification_proof_paths_abstract.adb	Sink = 5	tests/verification_mutation_contracts.adb	Y /= X	definite-error	-	-	no	Joined exit state decides the contract.
postcondition-final-external	postcondition-final	postcondition	external-prover	tests/verification_vc_contracts.adb	Result = X	tests/verification_mutation_contracts.adb	Y /= X	definite-error	tests/verification_vc_contract_loop_provenance.adb	X ** 2 >= 0	yes	Relational joined-exit VC.
operator-multiplication	overflow-external	integer-overflow	external-prover	tests/verification_pp_operators_clean.adb	C * D	tests/verification_mutation_runtime.adb	Integer'Last + X	definite-error	-	-	yes	Multiplication overflow VC over the base type.
operator-boolean-logic	assertion-decision	assertion	external-prover	tests/verification_pp_operators_clean.adb	not (C > D)	tests/verification_vc_error.adb	X /= X	definite-error	-	-	yes	not / and then / or else connectives in a scalar Boolean VC.
operator-comparison	assertion-decision	assertion	abstract-interpretation	tests/verification_pp_operators_clean.adb	A <= 100	tests/verification_vc_error.adb	X /= X	definite-error	-	-	no	Relational comparison discharged from interval state.
operator-division-nonzero	division-abstract	division-by-zero	abstract-interpretation	tests/verification_pp_operators_clean.adb	B	tests/verification_mutation_runtime.adb	(X - 11)	definite-error	-	-	no	/ mod rem divisor range excludes zero.
operator-exponentiation	assertion-decision	assertion	external-prover	tests/verification_pp_operators_unsupported.adb	X = X	tests/verification_vc_error.adb	X /= X	definite-error	tests/verification_pp_operators_unsupported.adb	X ** 2 >= 0	yes	Reflexive comparison proves; ** stays unsupported-operator.
type-bounded-subtype	range-external	range-check	external-prover	tests/verification_pp_types_clean.adb	J + 1	tests/verification_mutation_runtime.adb	X	definite-error	-	-	yes	Assignment into a statically bounded integer subtype.
type-enumeration	assertion-decision	assertion	external-prover	tests/verification_pp_types_clean.adb	L = High	tests/verification_vc_enum_assignment_error.adb	Truth = True	definite-error	-	-	yes	Enumeration values as declaration-order positions.
type-modular	assertion-decision	assertion	abstract-interpretation	tests/verification_pp_types_clean.adb	M < 256	tests/verification_vc_error.adb	X /= X	definite-error	-	-	no	Modular result stays below the modulus.
attribute-length-fallback	assertion-decision	assertion	external-prover	tests/verification_pp_length_attr.adb	Data'Length >= 0	tests/verification_vc_error.adb	X /= X	definite-error	tests/verification_pp_length_attr.adb	Data'Length (1) >= 0	yes	'Length on an unconstrained formal falls back to a >=0 symbol; 'First/'Last do not.
join-branch-predicate	assertion-decision	assertion	abstract-interpretation	tests/verification_pp_join_clean.adb	X >= 6	tests/verification_vc_error.adb	X /= X	definite-error	-	-	no	Branch condition available as a fact inside its own arm.
join-if-else-merge	assertion-decision	assertion	external-prover	tests/verification_pp_join_clean.adb	Floor <= X	tests/verification_pp_join_conflict.adb	Y = 1	unproved	-	-	yes	Pre-branch fact survives an if/else merge; a conflicting binding is dropped.
join-case-merge	assertion-decision	assertion	external-prover	tests/verification_pp_join_clean.adb	Floor <= 10	tests/verification_pp_join_conflict.adb	Y = 1	unproved	-	-	yes	Pre-case fact survives a case merge where every alternative agrees.
exception-handler-edge	assertion-decision	assertion	external-prover	tests/verification_pp_exception_clean.adb	Floor <= 10	tests/verification_pp_exception_clean.adb	X > 3	unproved	-	-	yes	Obligation before the raise proves; the handler-edge obligation stays unproved.
exception-guarded-region	overflow-abstract	integer-overflow	abstract-interpretation	tests/verification_pp_exception_clean.adb	X + 2	tests/verification_mutation_runtime.adb	Integer'Last + X	definite-error	-	-	no	Non-exceptional path through a handler-bearing block still reasons about arithmetic.
discriminant-static-literal	discriminant-static-constraint	discriminant-check	static-evaluation	tests/verification_pp_discriminant.adb	Sized.Small	tests/verification_pp_discriminant.adb	Sized.Big	definite-error	-	-	no	Integer discriminant constraint selects the component's variant; a sibling variant's component is a definite error.
discriminant-others-fallback	discriminant-static-constraint	discriminant-check	static-evaluation	tests/verification_pp_discriminant.adb	Lit.O_Val	tests/verification_pp_discriminant.adb	Via_Name.A_Val	unproved	-	-	no	Enumeration literal selects an others variant; a constant constraint is never resolved by spelling (FP-083).
join-sequential-second-conditional	loop-invariant-preservation	loop-invariant-preservation	external-prover	tests/verification_pp_join_budget.adb	S in 0 .. 1 and then T in 0 .. 1	tests/verification_pp_join_budget.adb	U in 0 .. 1	unproved	tests/verification_pp_join_budget.adb	T in 0 .. 1 and then S in 0 .. 1	yes	Second sequential conditional folds; a third exhausts the branch budget (branch-budget-exceeded).
join-nested-second-conditional	loop-invariant-preservation	loop-invariant-preservation	abstract-interpretation	tests/verification_pp_join_budget.adb	W >= 0 and then W <= 1	tests/verification_pp_join_budget.adb	U in 0 .. 1	unproved	tests/verification_pp_join_budget.adb	W <= 1 and then W >= 0	no	Second nested conditional folds; a third nesting level exhausts the branch budget.
exception-multi-handler	assertion-decision	assertion	abstract-interpretation	tests/verification_pp_exception_multi.adb	X <= 1	tests/verification_pp_exception_multi.adb	X < 2	unproved	-	-	no	Normal path past a multi-raise chain keeps its branch facts; they never leak into a named handler.
composite-record-array-index	index-abstract	index-check	abstract-interpretation	tests/verification_pp_access.adb	J	tests/verification_pp_access.adb	K	definite-error	-	-	no	Index into an array of records proves from the index subtype.
composite-component-range	range-abstract	range-check	abstract-interpretation	tests/verification_pp_access.adb	-7	tests/verification_pp_access.adb	J - 3	definite-error	tests/verification_pp_access.adb	(F => X, N => 1)	no	Record-component write checks against the component subtype; record aggregates stay unsupported-expression-kind.
access-component-alias	range-abstract	range-check	abstract-interpretation	tests/verification_pp_access.adb	11	tests/verification_pp_access.adb	C.F + 1	unproved	-	-	no	Component write through an access value checks its subtype; a write through a possibly aliasing access value leaves no stale fact.
spec-precondition-external	overflow-external	integer-overflow	external-prover	tests/verification_pp_spec_contracts.adb	1 + X	tests/verification_pp_spec_contracts.adb	X + 2	unproved	-	-	yes	A separate spec's precondition narrows the conforming body's parameters, never a same-name overload's (FP-085).
spec-precondition-abstract	overflow-abstract	integer-overflow	abstract-interpretation	tests/verification_pp_spec_contracts.adb	X + 3	tests/verification_pp_spec_contracts.adb	X + 2	unproved	-	-	no	Comparison-form spec precondition narrows the body parameter's interval without a solver.
spec-postcondition	postcondition-final	postcondition	external-prover	tests/verification_pp_spec_contracts.adb	X >= 1	tests/verification_pp_spec_contracts.adb	X >= 2	unproved	-	-	yes	A separate spec's postcondition is decided against the body's exit state; a false one is not proved.
index-own-range	index-own-range	index-check	static-evaluation	tests/verification_pp_index_own_range.adb	Own	tests/verification_pp_index_own_range.adb	Foreign	unproved	-	-	no	The parameter of a loop over an array object's own range indexes that object, whatever its bounds; a loop over another object's range proves nothing.
index-own-range-dimension	index-own-range	index-check	static-evaluation	tests/verification_pp_index_own_range.adb	Column	tests/verification_pp_index_own_range.adb	Swapped	unproved	-	-	no	The loop must range over the very dimension being indexed.
index-own-range-offset	index-own-range	index-check	static-evaluation	tests/verification_pp_index_own_range.adb	Spelled	tests/verification_pp_index_own_range.adb	Shifted + 1	unproved	-	-	no	A'First .. A'Last is the same range spelled out; an offset from the loop parameter is not the parameter.
index-declared-constraint	index-abstract	index-check	abstract-interpretation	tests/verification_fp088_unknown_array_bounds.adb	4	tests/verification_fp088_unknown_array_bounds.adb	20	definite-error	-	-	no	An object's own static index constraint gives its bounds.
index-unknown-bounds	index-abstract	index-check	abstract-interpretation	tests/verification_fp088_unknown_array_bounds.adb	6	tests/verification_fp088_unknown_array_bounds.adb	Position	unproved	-	-	no	An unconstrained formal's bounds belong to the caller: its index subtype is not a bound (FP-088).
range-elaboration-bound	range-abstract	range-check	abstract-interpretation	tests/verification_fp087_stale_bound.adb	7	tests/verification_fp087_stale_bound.adb	50	unproved	-	-	no	A subtype bound keeps its elaboration-time value: a constant bound proves, a variable assigned since does not (FP-087).
membership-range-narrowing	division-abstract	division-by-zero	abstract-interpretation	tests/verification_membership_narrowing.adb	Divisor	tests/verification_membership_narrowing.adb	(Free - 7)	unproved	-	-	no	A membership test narrows the tested identifier's interval; a non-member of an interior range is not narrowed.
membership-predicate-subtype	division-abstract	division-by-zero	abstract-interpretation	tests/verification_fp086_predicate_membership.adb	(Value - 11)	tests/verification_fp086_predicate_membership.adb	(Value - 1)	unproved	-	-	no	A member of a predicated subtype is within its range, but a non-member need not be outside it (FP-086).
index-symbolic-precondition	index-symbolic-bounds	index-check	external-prover	tests/verification_pp_index_symbolic_bounds.adb	Given	tests/verification_pp_index_symbolic_bounds.adb	Given + 1	unproved	-	-	yes	A precondition places the index within the object's own symbolic bounds; one step past them does not prove.
index-symbolic-guard	index-symbolic-bounds	index-check	external-prover	tests/verification_pp_index_symbolic_bounds.adb	Probe	tests/verification_pp_index_symbolic_bounds.adb	Probe + 0	unproved	-	-	yes	Both bounds must be established: a guard on 'First alone proves nothing.
index-symbolic-loop	index-symbolic-bounds	index-check	external-prover	tests/verification_pp_index_symbolic_bounds.adb	Step + 1	tests/verification_pp_index_symbolic_bounds.adb	Step + 2	unproved	-	-	yes	A loop over fixed bounds of the object gives its parameter that range for every iteration.
index-symbolic-other-object	index-symbolic-bounds	index-check	external-prover	tests/verification_pp_index_symbolic_bounds.adb	Data'First + 1	tests/verification_pp_index_symbolic_bounds.adb	Given + 0	unproved	-	-	yes	Length ties the two bounds together; bounds of one object say nothing about another.
expanded-name-write	division-abstract	division-by-zero	abstract-interpretation	tests/verification_fp097_expanded_names.adb	State.Other	tests/verification_fp097_expanded_names.adb	Level	definite-error	-	-	no	An expanded name and the direct name denote one object (FP-097).
infeasible-path-symbol	division-abstract	division-by-zero	abstract-interpretation	tests/verification_fp098_infeasible_roots.adb	(Kept + 1)	tests/verification_fp098_infeasible_roots.adb	(Divisor - 1)	unproved	-	-	no	A symbol left by an infeasible path constrains nothing after the join (FP-098).
