# fixture	line	marker	kind	outcome
h01.adb	34	BAD	division-by-zero	unproved
h01.adb	43	BAD	division-by-zero	unproved
h01.adb	50	BAD	division-by-zero	unproved
h01.adb	57	BAD	division-by-zero	unproved
h01.adb	65	BAD	division-by-zero	unproved
h01.adb	73	BAD	division-by-zero	unproved
h01.adb	82	BAD	division-by-zero	unproved
h01.adb	90	BAD	division-by-zero	unproved
h01.adb	98	BAD	division-by-zero	unproved
h01.adb	108	BAD	division-by-zero	unproved
h01.adb	116	BAD	division-by-zero	unproved
h01.adb	124	BAD	division-by-zero	unproved
h01.adb	136	BAD	division-by-zero	unproved
h01.adb	149	BAD	division-by-zero	unproved
h01.adb	156	BAD	division-by-zero	unproved
h01.adb	159	BAD	division-by-zero	unproved
h01.adb	166	BAD	division-by-zero	unproved
h01.adb	174	BAD	division-by-zero	unproved
h01.adb	181	BAD	division-by-zero	unproved
h01.adb	188	BAD	division-by-zero	unproved
h01.adb	195	BAD	division-by-zero	unproved
h01.adb	210	BAD	division-by-zero	unproved
h01.adb	222	BAD	division-by-zero	unproved
h01.adb	230	BAD	division-by-zero	unproved
h01.adb	240	BAD	division-by-zero	unproved
h02.adb	13	BAD	range-check	unproved
h02.adb	24	BAD	range-check	unproved
h02.adb	36	BAD	range-check	unproved
h02.adb	45	BAD	division-by-zero	unproved
h02.adb	57	BAD	division-by-zero	unproved
h02.adb	70	BAD	division-by-zero	unproved
h02.adb	85	BAD	division-by-zero	unproved
h02.adb	100	BAD	division-by-zero	unproved
h02.adb	116	BAD	division-by-zero	unproved
h02.adb	124	BAD	division-by-zero	unproved
h02.adb	126	BAD	division-by-zero	unproved
h02.adb	128	BAD	division-by-zero	unproved
h02.adb	137	OK	division-by-zero	proved-safe
h02.adb	140	BAD	division-by-zero	unproved
h02.adb	143	OK	division-by-zero	proved-safe
h02.adb	146	OK	division-by-zero	proved-safe
h02.adb	147	BAD	division-by-zero	unproved
h02.adb	160	BAD	division-by-zero	unproved
h02.adb	162	OK	division-by-zero	proved-safe
h02.adb	171	BAD	division-by-zero	unproved
h02.adb	187	BAD	division-by-zero	unsupported
h02.adb	199	BAD	division-by-zero	unproved
h02.adb	213	BAD	division-by-zero	unproved
h02.adb	222	BAD	division-by-zero	unproved
h02.adb	231	OK	division-by-zero	proved-safe
h02.adb	234	OK	division-by-zero	proved-safe
h02.adb	235	BAD	division-by-zero	definite-error
h02.adb	243	BAD	division-by-zero	unproved
h02.adb	246	BAD	division-by-zero	unproved
h02.adb	255	OK	division-by-zero	unproved
h02.adb	259	BAD	division-by-zero	unproved
h02.adb	272	OK	division-by-zero	proved-safe
h02.adb	274	BAD	division-by-zero	unproved
h02.adb	286	OK	division-by-zero	proved-safe
h02.adb	287	BAD	division-by-zero	definite-error
h02.adb	299	BAD	division-by-zero	unproved
h02.adb	313	BAD	division-by-zero	unproved
h02.adb	329	BAD	division-by-zero	unproved
h02.adb	335	BAD	range-check	no-obligation
h02.adb	337	BAD	range-check	no-obligation
h02.adb	346	BAD	division-by-zero	unproved
h02.adb	362	BAD	division-by-zero	unproved
h02.adb	378	BAD	division-by-zero	definite-error
h02.adb	396	BAD	division-by-zero	unsupported
h03_arith.adb	12	BAD	division-by-zero	unproved
h03_arith.adb	13	BAD	division-by-zero	unproved
h03_arith.adb	15	BAD	division-by-zero	unproved
h03_arith.adb	16	BAD	division-by-zero	unproved
h03_arith.adb	17	BAD	division-by-zero	unproved
h03_arith.adb	18	BAD	division-by-zero	unproved
h03_arith.adb	19	BAD	division-by-zero	unproved
h03_arith.adb	20	BAD	division-by-zero	unproved
h03_arith.adb	22	BAD	division-by-zero	unproved
h03_arith.adb	23	BAD	division-by-zero	unproved
h03_arith.adb	25	BAD	division-by-zero	unproved
h03_arith.adb	26	BAD	division-by-zero	unproved
h03_arith.adb	27	BAD	division-by-zero	unproved
h03_arith.adb	28	BAD	division-by-zero	unproved
h03_arith.adb	29	BAD	division-by-zero	unproved
h03_arith.adb	30	BAD	division-by-zero	unproved
h03_arith.adb	32	BAD	division-by-zero	unproved
h03_arith.adb	34	BAD	division-by-zero	definite-error
h03_arith.adb	36	BAD	division-by-zero	definite-error
h03_arith.adb	38	BAD	division-by-zero	definite-error
h03_arith.adb	40	BAD	division-by-zero	unproved
h03_arith.adb	42	BAD	division-by-zero	definite-error
h03_arith.adb	44	BAD	division-by-zero	unproved
h03_arith.adb	46	BAD	division-by-zero	unproved
h03_arith.adb	49	BAD	division-by-zero	unproved
h03_arith.adb	51	BAD	integer-overflow	unproved
h03_arith.adb	52	BAD	integer-overflow	unproved
h03_arith.adb	53	BAD	integer-overflow	no-obligation
h03_arith.adb	54	BAD	integer-overflow	no-obligation
h03_arith.adb	55	BAD	integer-overflow	unproved
h03_arith.adb	58	BAD	integer-overflow	unproved
h03_arith.adb	59	BAD	integer-overflow	definite-error
h03_arith.adb	62	BAD	range-check	definite-error,unproved
h03_arith.adb	64	BAD	range-check	no-obligation
h03_arith.adb	65	BAD	range-check	no-obligation
h03_arith.adb	66	BAD	division-by-zero	definite-error
h03_arith.adb	67	BAD	division-by-zero	definite-error
h03_arith.adb	68	BAD	division-by-zero	definite-error
h03_arith.adb	69	BAD	division-by-zero	definite-error
h04.adb	22	BAD	precondition	unproved,unproved
h04.adb	23	BAD	precondition	unproved,unproved
h04.adb	24	BAD	precondition	definite-error,definite-error
h04.adb	25	OK	precondition	proved-safe,proved-safe
h04.adb	26	BAD	precondition	definite-error,definite-error
h04.adb	27	OK	precondition	proved-safe,proved-safe
h04.adb	33	OK	precondition	proved-safe,proved-safe
h04.adb	34	BAD	precondition	unproved,unproved
h04.adb	36	OK	precondition	proved-safe,proved-safe
h04.adb	37	BAD	precondition	unproved,unproved
h04.adb	45	BAD	precondition	unproved,unproved
h04.adb	53	BAD	precondition	unproved,unproved
h04.adb	56	OK	precondition	unproved,unproved
h04.adb	57	BAD	precondition	unproved,unproved
h04.adb	64	BAD	division-by-zero	unproved
h04.adb	72	BAD	division-by-zero	unproved
h04.adb	78	BAD	division-by-zero	unproved
h04.adb	80	BAD	division-by-zero	definite-error
h04.adb	87	BAD	division-by-zero	unproved
h04.adb	155	BAD	assertion	definite-error
h04.adb	164	OK	loop-invariant-preservation	proved-safe
h04.adb	165	BAD	loop-invariant-preservation	unproved
h04.adb	177	BAD	loop-invariant-preservation	unproved
h04.adb	191	BAD	loop-variant	unproved
h04.adb	201	BAD	division-by-zero	unproved
h04.adb	202	BAD	division-by-zero	unproved
h04.adb	215	BAD	division-by-zero	unproved
h04.adb	229	BAD	assertion	unproved
h04.adb	231	BAD	assertion	unproved
h04.adb	243	BAD	assertion	unproved
h04.adb	255	BAD	assertion	unproved
h04.adb	270	BAD	assertion	unproved
h05.adb	14	BAD	division-by-zero	unproved
h05.adb	26	BAD	division-by-zero	unproved
h05.adb	37	BAD	division-by-zero	unproved
h05.adb	38	BAD	division-by-zero	unproved
h05.adb	39	OK	division-by-zero	unproved
h05.adb	53	BAD	division-by-zero	unproved
h05.adb	63	OK	division-by-zero	proved-safe
h05.adb	71	BAD	division-by-zero	unproved
h05.adb	86	BAD	division-by-zero	definite-error
h05.adb	99	OK	division-by-zero	proved-safe
h05.adb	112	BAD	division-by-zero	unproved
h05.adb	122	BAD	division-by-zero	unproved
h05.adb	135	BAD	division-by-zero	unproved
h05.adb	149	BAD	division-by-zero	unproved
h05.adb	160	BAD	division-by-zero	unproved
h06.adb	22	BAD	division-by-zero	definite-error
h06.adb	23	BAD	division-by-zero	definite-error
h06.adb	24	BAD	division-by-zero	definite-error
h06.adb	26	BAD	division-by-zero	definite-error
h06.adb	27	BAD	division-by-zero	unproved
h06.adb	28	BAD	division-by-zero	definite-error
h06.adb	29	BAD	division-by-zero	unproved
h06.adb	38	BAD	division-by-zero	unproved
h06.adb	41	BAD	division-by-zero	unproved
h06.adb	43	BAD	assertion	unproved
h06.adb	53	BAD	division-by-zero	unproved
h06.adb	64	BAD	division-by-zero	unproved
h06.adb	74	BAD	division-by-zero	unproved
h06.adb	87	BAD	division-by-zero	unproved
h06.adb	96	BAD	division-by-zero	unproved
h06.adb	106	BAD	discriminant-check	no-obligation
h06.adb	113	BAD	discriminant-check	no-obligation
h06.adb	119	OK	discriminant-check	no-obligation
h06.adb	120	BAD	discriminant-check	no-obligation
h06.adb	127	OK	discriminant-check	proved-safe
h06.adb	128	BAD	discriminant-check	definite-error
h06.adb	138	BAD	initialization-check	unproved
h06.adb	147	BAD	initialization-check	unproved
h06.adb	160	BAD	initialization-check	unproved
h06.adb	172	OK	initialization-check	proved-safe
h06.adb	173	BAD	initialization-check	unproved
h06.adb	186	BAD	initialization-check	unproved
h06.adb	200	BAD	initialization-check	unproved
h06.adb	219	OK	division-by-zero	proved-safe
h06.adb	222	BAD	division-by-zero	unproved
h06.adb	227	OK	division-by-zero	proved-safe
h06.adb	237	OK	division-by-zero	proved-safe
h06.adb	240	BAD	division-by-zero	unproved
h06.adb	244	BAD	division-by-zero	unproved
h06.adb	247	BAD	division-by-zero	unproved
h06.adb	261	BAD	division-by-zero	unproved
h06.adb	275	BAD	division-by-zero	unproved
h06.adb	278	BAD	division-by-zero	unproved
h07.adb	38	BAD	division-by-zero	unproved
h07.adb	45	BAD	division-by-zero	unproved
h07.adb	48	BAD	division-by-zero	unproved
h07.adb	51	OK	division-by-zero	unproved
h07.adb	65	BAD	division-by-zero	unproved
h07.adb	75	BAD	division-by-zero	unproved
h07.adb	86	BAD	division-by-zero	unproved
h07.adb	98	BAD	division-by-zero	unproved
h07.adb	113	BAD	division-by-zero	unsupported
h07.adb	122	BAD	assertion	unproved
h07.adb	125	OK	assertion	proved-safe
h07.adb	128	BAD	assertion	unproved
h07.adb	131	OK	assertion	proved-safe
h07.adb	134	OK	assertion	proved-safe
h07.adb	137	BAD	assertion	unproved
h07.adb	140	OK	assertion	unproved
h07.adb	143	BAD	assertion	unproved
h07.adb	146	OK	assertion	proved-safe
h07.adb	149	BAD	assertion	unproved
h07.adb	152	OK	assertion	proved-safe
h07.adb	155	BAD	assertion	unproved
h07.adb	158	BAD	assertion	unproved
h07.adb	161	BAD	assertion	unproved
h07.adb	175	BAD	assertion	unproved
h07.adb	178	OK	assertion	unproved
h07.adb	181	BAD	assertion	unproved
h07.adb	184	BAD	assertion	unproved
h07.adb	187	BAD	assertion	unproved
h07.adb	190	BAD	assertion	unproved
h07.adb	193	BAD	assertion	unproved
h07.adb	196	BAD	assertion	unproved
h07.adb	199	BAD	assertion	unproved
h07.adb	202	BAD	assertion	unproved
h07.adb	205	BAD	assertion	unproved
h07.adb	208	BAD	assertion	unproved
h07.adb	211	BAD	assertion	unproved
h07.adb	222	BAD	range-check	no-obligation
h07.adb	223	BAD	range-check	no-obligation
h07.adb	224	BAD	range-check	no-obligation
h07.adb	234	BAD	division-by-zero	unproved
h07.adb	242	BAD	division-by-zero	unproved
h07.adb	243	BAD	division-by-zero	unproved
h07.adb	244	OK	division-by-zero	unproved
h07.adb	246	BAD	division-by-zero	unproved
h07.adb	257	BAD	division-by-zero	unproved
h07.adb	262	BAD	division-by-zero	unproved
h07.adb	275	BAD	division-by-zero	unproved
h07.adb	276	OK	division-by-zero	proved-safe
h07.adb	281	OK	division-by-zero	proved-safe
h07.adb	283	OK	division-by-zero	proved-safe
h07.adb	286	BAD	division-by-zero	unproved
h07.adb	298	OK	division-by-zero	proved-safe
h07.adb	299	BAD	division-by-zero	unproved
h07.adb	313	BAD	division-by-zero	unproved
h07.adb	318	BAD	division-by-zero	unproved
h07.adb	327	BAD	division-by-zero	unproved
h07.adb	339	OK	integer-overflow	proved-safe
h07.adb	340	BAD	integer-overflow	unproved
h07.adb	343	BAD	integer-overflow	unproved
h07.adb	344	BAD	integer-overflow	definite-error
h07.adb	359	OK	division-by-zero	proved-safe
h07.adb	360	BAD	division-by-zero	unproved
h07.adb	361	BAD	division-by-zero	unproved
h07.adb	369	OK	division-by-zero	proved-safe
h07.adb	370	BAD	division-by-zero	definite-error
h07.adb	386	BAD	division-by-zero	unproved
h08.adb	51	OK	division-by-zero	proved-safe
h08.adb	52	BAD	division-by-zero	definite-error
h08.adb	59	BAD	division-by-zero	unproved
h08.adb	66	BAD	division-by-zero	unproved
h08.adb	73	BAD	division-by-zero	unproved
h08.adb	81	OK	division-by-zero	proved-safe
h08.adb	82	BAD	division-by-zero	unproved
h08.adb	87	BAD	division-by-zero	unproved
h08.adb	88	OK	division-by-zero	unproved
h08.adb	89	OK	division-by-zero	proved-safe
h08.adb	90	BAD	division-by-zero	definite-error
h08.adb	98	OK	division-by-zero	unproved
h08.adb	99	BAD	division-by-zero	unproved
h08.adb	106	BAD	division-by-zero	unproved
h08.adb	116	BAD	division-by-zero	unproved
h08.adb	119	OK	division-by-zero	proved-safe
h08.adb	120	BAD	division-by-zero	unproved
h08.adb	134	OK	range-check	proved-safe
h08.adb	135	BAD	range-check	definite-error
h08.adb	136	BAD	integer-overflow	unproved,unproved
h08.adb	145	OK	division-by-zero	proved-safe
h08.adb	148	OK	division-by-zero	proved-safe
h08.adb	158	OK	division-by-zero	proved-safe
h08.adb	159	BAD	division-by-zero	definite-error
h08.adb	162	OK	division-by-zero	proved-safe
h08.adb	163	BAD	division-by-zero	unproved
h08.adb	166	OK	division-by-zero	proved-safe
h08.adb	168	BAD	division-by-zero	definite-error
h08.adb	177	OK	division-by-zero	proved-safe
h08.adb	179	BAD	division-by-zero	unproved
h08.adb	182	BAD	division-by-zero	unproved
h08.adb	196	BAD	division-by-zero	unproved
h08.adb	198	BAD	division-by-zero	unproved
h08.adb	210	BAD	division-by-zero	unproved
h08.adb	211	BAD	division-by-zero	unproved
h08.adb	212	OK	division-by-zero	proved-safe
h08.adb	221	OK	division-by-zero	unproved
h08.adb	222	BAD	division-by-zero	unproved
h08.adb	226	OK	division-by-zero	unproved
h08.adb	227	BAD	division-by-zero	unproved
h08.adb	230	BAD	division-by-zero	unproved
h08.adb	233	OK	division-by-zero	unproved
h08.adb	234	BAD	division-by-zero	unproved
h08.adb	247	BAD	division-by-zero	unproved
h08.adb	249	OK	division-by-zero	unproved
h08.adb	252	OK	division-by-zero	unproved
h08.adb	264	BAD	division-by-zero	unproved
h08.adb	267	OK	division-by-zero	proved-safe
h08.adb	270	OK	division-by-zero	proved-safe
h08.adb	271	BAD	division-by-zero	definite-error
h09.adb	32	BAD	division-by-zero	unproved
h09.adb	39	BAD	division-by-zero	unproved
h09.adb	46	BAD	division-by-zero	unproved
h09.adb	48	BAD	division-by-zero	unproved
h09.adb	50	BAD	division-by-zero	unproved
h09.adb	52	BAD	division-by-zero	unproved
h09.adb	59	BAD	division-by-zero	unproved
h09.adb	66	BAD	division-by-zero	unproved
h09.adb	74	BAD	division-by-zero	unproved
h09.adb	81	BAD	division-by-zero	unproved
h09.adb	88	BAD	division-by-zero	unproved
h09.adb	96	BAD	division-by-zero	unproved
h09.adb	105	BAD	division-by-zero	unproved
h09.adb	108	BAD	division-by-zero	unproved
h09.adb	118	BAD	division-by-zero	unproved
h09.adb	125	BAD	division-by-zero	unproved
h09.adb	135	BAD	division-by-zero	unproved
h09.adb	141	BAD	division-by-zero	unproved
h09.adb	148	BAD	division-by-zero	unproved
h09.adb	156	BAD	division-by-zero	unproved
h09.adb	158	BAD	division-by-zero	unproved
h09.adb	164	BAD	division-by-zero	unproved
h09.adb	174	BAD	division-by-zero	unproved
h09.adb	182	BAD	division-by-zero	unproved
h09.adb	195	BAD	division-by-zero	unsupported
h10.adb	29	BAD	division-by-zero	unproved
h10.adb	37	BAD	division-by-zero	unproved
h10.adb	45	BAD	division-by-zero	unproved
h10.adb	52	BAD	division-by-zero	unproved
h10.adb	59	BAD	division-by-zero	unproved
h11.adb	14	BAD	assertion	unproved
h11.adb	17	BAD	assertion	unproved
h11.adb	22	BAD	assertion	unproved
h11.adb	25	BAD	loop-invariant-preservation	unproved
h11.adb	33	OK	division-by-zero	proved-safe
h11.adb	35	BAD	division-by-zero	unproved
h12.adb	6	BAD	division-by-zero	definite-error
h12.adb	13	BAD	division-by-zero	definite-error
h12.adb	19	OK	division-by-zero	proved-safe
h12.adb	21	OK	division-by-zero	proved-safe
h12.adb	29	BAD	division-by-zero	definite-error
h12.adb	36	BAD	division-by-zero	unproved
h12.adb	43	OK	division-by-zero	proved-safe
h12.adb	44	BAD	division-by-zero	unproved
h12.adb	48	BAD	division-by-zero	unproved
h13.adb	4	OK	index-check	proved-safe
h13.adb	5	BAD	index-check	unproved
h13.adb	6	BAD	index-check	unproved
h13.adb	7	OK	index-check	proved-safe
h13.adb	12	BAD	index-check	unproved
h13.adb	13	OK	index-check	proved-safe
h13.adb	20	OK	index-check	proved-safe
h13.adb	21	BAD	index-check	unproved
h13.adb	22	OK	index-check	proved-safe
h13.adb	25	OK	index-check	proved-safe
h13.adb	26	BAD	index-check	unproved
h13.adb	29	OK	index-check	proved-safe
h13.adb	30	OK	index-check	proved-safe
h13.adb	31	BAD	index-check	unproved
h13.adb	33	BAD	index-check	unproved
h13.adb	35	OK	index-check	proved-safe
h13.adb	36	OK	index-check	proved-safe
h13.adb	37	BAD	index-check	unproved
h13.adb	45	OK	index-check	proved-safe
h13.adb	48	BAD	index-check	unproved
h13.adb	51	OK	index-check	proved-safe
h13.adb	53	BAD	index-check	unproved
h13.adb	60	OK	index-check	proved-safe
h13.adb	61	OK	index-check	proved-safe
h13.adb	63	BAD	index-check	unproved
h13.adb	69	BAD	assertion	unproved
h13.adb	70	BAD	assertion	unproved
h13.adb	79	BAD	index-check	unproved
h13.adb	92	OK	index-check	proved-safe
h13.adb	93	BAD	index-check	unproved
h13.adb	100	OK	index-check	proved-safe
h13.adb	102	BAD	index-check	unproved
h14.adb	11	BAD	division-by-zero	definite-error
h14.adb	15	BAD	division-by-zero	definite-error
h14.adb	20	BAD	division-by-zero	definite-error
h14.adb	21	BAD	division-by-zero	unproved
h14.adb	25	BAD	division-by-zero	unproved
h15.adb	17	OK	division-by-zero	unproved
h15.adb	19	BAD	assertion	unproved
h15.adb	25	BAD	assertion	unproved
h15.adb	32	OK	division-by-zero	proved-safe
h15.adb	34	BAD	division-by-zero	unproved
h15.adb	39	BAD	assertion	unproved
h15.adb	48	OK	index-check	unproved
h15.adb	49	BAD	index-check	unproved
h15.adb	51	OK	index-check	proved-safe
h15.adb	52	BAD	index-check	unproved
h15.adb	62	OK	index-check	proved-safe
h15.adb	63	BAD	index-check	unproved
h15.adb	64	BAD	index-check	unproved
h15.adb	73	BAD	index-check	unproved
h15.adb	78	OK	index-check	proved-safe
