# id	fixture	kind	operation	expected_status	note
assertion-false	tests/verification_vc_error.adb	assertion	X /= X	definite-error	Contradictory assertion must never become proved-safe.
precondition-false	tests/verification_mutation_contracts.adb	precondition	Require_Positive (0)	definite-error	Statically invalid call precondition.
postcondition-false	tests/verification_mutation_contracts.adb	postcondition	Y /= X	definite-error	Body contradicts its postcondition.
range-outside	tests/verification_mutation_runtime.adb	range-check	X	definite-error	Value is outside target subtype Small.
index-outside	tests/verification_mutation_runtime.adb	index-check	X	definite-error	Index is outside Values bounds.
division-zero	tests/verification_mutation_runtime.adb	division-by-zero	(X - 11)	definite-error	Path contract fixes the divisor at zero.
overflow-positive	tests/verification_mutation_runtime.adb	integer-overflow	Integer'Last + X	definite-error	Positive addition to Integer'Last must overflow.
initialization-read	tests/verification_initialization_error.adb	initialization-check	Source	definite-error	Read of an uninitialized scalar.
discriminant-excluded	tests/discriminant_check_findings.adb	discriminant-check	R.Float_Val	definite-error	Selected variant excludes the referenced component.
loop-invariant-initialization	tests/verification_mutation_loop_initialization.adb	loop-invariant-initialization	I = 0	unproved	False entry invariant must not be proved-safe.
loop-invariant-preservation	tests/verification_loop_vc_broken.adb	loop-invariant-preservation	I >= 0 and then I <= 3 and then Y = X + I	unproved	Broken induction step must not be proved-safe.
loop-variant-wrong-direction	tests/verification_loop_variant_wrong_direction.adb	loop-variant	I	definite-error	A declared decreasing variant actually increases.
loop-invariant-preservation-branch	tests/verification_loop_branch_vc_broken.adb	loop-invariant-preservation	I >= 0 and then I <= 3 and then Y = X + I and then Extra >= 0	unproved	Branch-disagreement on Extra must not be proved-safe.
loop-invariant-preservation-ite-unsafe	tests/verification_loop_branch_ite_unsafe.adb	loop-invariant-preservation	I >= 0 and then I <= N and then Count >= 0 and then Count <= I	unproved	Unsafe one-sided branch increment must not be proved-safe by the precise ite-join.
loop-invariant-preservation-elsif-branch	tests/verification_loop_branch_elsif_vc_broken.adb	loop-invariant-preservation	I >= 0 and then I <= 3 and then Y = X + I and then Extra >= 0	unproved	Elsif-chain branch-disagreement on Extra must not be proved-safe after N-way ite-join support.
loop-invariant-preservation-case-branch	tests/verification_loop_branch_case_vc_broken.adb	loop-invariant-preservation	I >= 0 and then I <= 3 and then Y = X + I and then Extra >= 0	unproved	Case-alternative branch-disagreement on Extra must not be proved-safe after Join_On_Range support.
output-init-one-branch	tests/verification_mutation_output_initialization.adb	initialization-check	Partial	unproved	one branch leaves the out parameter unassigned
output-init-never	tests/verification_mutation_output_initialization.adb	initialization-check	Missing	unproved	no path assigns the out parameter
output-init-early-return	tests/verification_mutation_output_initialization.adb	initialization-check	Skipped	unproved	an early return skips the assignment of the out parameter
output-init-element-only	tests/verification_mutation_output_initialization.adb	initialization-check	Element_Only	unproved	only one element of an array out parameter is assigned
output-init-zero-trip-loop	tests/verification_mutation_output_initialization.adb	initialization-check	Looped	unproved	the only assignment of the out parameter is in a loop that may not run
slice-open-high	tests/verification_mutation_slice_bounds.adb	range-check	Data	unproved	a slice bound of a subtype wider than the array's index range
slice-symbolic-short	tests/verification_mutation_slice_bounds.adb	range-check	Short	unproved	a two-element slice of an object not known to have two elements
slice-almost-null	tests/verification_mutation_slice_bounds.adb	range-check	Reserve	unproved	a slice that is null for every value of its low bound but zero
guard-admits-zero	tests/verification_mutation_guarded_operand.adb	division-by-zero	Admitted	unproved	the guard before the division admits a zero divisor
guard-wrong-connective	tests/verification_mutation_guarded_operand.adb	division-by-zero	Refused	unproved	the right operand of or-else is evaluated where the divisor is not positive
guard-other-object	tests/verification_mutation_guarded_operand.adb	index-check	Unbound	unproved	the membership test before the indexing is on another object
guard-open-elsif	tests/verification_mutation_guarded_operand.adb	index-check	Open	unproved	the elsif condition does not bound the index above
loop-range-never-empty	tests/verification_mutation_guarded_operand.adb	division-by-zero	Runs	unproved	the loop range is never empty while the divisor may be zero
case-alternative-selects-zero	tests/verification_mutation_guarded_operand.adb	index-check	Picked	unproved	the alternative is selected for zero, which is not an index
constraint-object	tests/verification_mutation_declared_constraint.adb	range-check	Wide	unproved	a value of the type assigned to an object declared with a narrower range
constraint-initial-value	tests/verification_mutation_declared_constraint.adb	range-check	Initial	unproved	an initial value of a wider subtype than the range the declaration gives
constraint-after-conversion	tests/verification_mutation_declared_constraint.adb	range-check	Small (Cast)	unproved	a conversion to the subtype mark does not establish the narrower range of the object
constraint-record-component	tests/verification_mutation_declared_constraint.adb	range-check	Excess	unproved	a value of a wider subtype assigned to a component declared with a range
constraint-array-component	tests/verification_mutation_declared_constraint.adb	range-check	Loose	unproved	a value one above the range the array type gives its components
constraint-through-renaming	tests/verification_mutation_declared_constraint.adb	range-check	Above	unproved	a renaming under the type name does not widen the renamed object
deferred-expression-function	tests/verification_mutation_deferred_evaluation.adb	division-by-zero	Divisor	unproved	the divisor is one where the nested expression function is declared and zero where it is called
deferred-guard	tests/verification_mutation_deferred_evaluation.adb	division-by-zero	(Divisor - 1)	unproved	the guard is true where the nested expression function is declared and unknown where it is called
actual-unbounded	tests/verification_mutation_actual_range.adb	range-check	Any	unproved	nothing bounds the actual passed to a formal of a narrower subtype
actual-half-bounded	tests/verification_mutation_actual_range.adb	range-check	Positive_Only	unproved	the precondition bounds the actual below only
actual-computed	tests/verification_mutation_actual_range.adb	range-check	Last + 1	unproved	the expression leaves the subtype of the formal for the last value
actual-in-expression	tests/verification_mutation_actual_range.adb	range-check	Loose	unproved	the unbounded actual of a function call inside an expression
actual-guard-other-object	tests/verification_mutation_actual_range.adb	range-check	Passed	unproved	the membership test before the call is on another object
actual-copy-back-narrower	tests/verification_mutation_actual_range.adb	range-check	Narrow	unproved	what an out formal gives back may not fit an actual of a narrower subtype
