adalang_rule	gnatcheck_rule	strength	gnatcheck_option
No_Goto	goto_statements	direct
No_Abort	abort_statements	direct
No_Access_To_Subp_Def	subprogram_access	direct
Floating_Equality	float_equality_checks	direct
Same_Operand	same_operands	direct
Duplicate_Condition	same_tests	direct
Null_Statement	redundant_null_statements	direct
Empty_Exception_Handler	silent_exception_handlers	direct
Identical_Branches	duplicate_branches	direct	+RDuplicate_Branches:min_stmt=1,min_size=1
No_Recursion	recursive_subprograms	direct
No_Multiple_Return	improper_returns	direct
Non_Short_Circuit_Condition	non_short_circuit_operators	direct
Too_Many_Parameters	maximum_parameters	direct
Deep_Nesting	overly_nested_control_structures	direct
Cyclomatic_Complexity	metrics_cyclomatic_complexity	direct
Aliasing_Between_Parameters	parameters_aliasing	direct
Aliasing_Between_Parameters	potential_parameters_aliasing	direct
No_Controlled_Type	controlled_type_declarations	direct
Dependency_Limit	too_many_dependencies	direct
Magic_Number	numeric_literals	close
Infinite_Loop	simple_loop_statements	close
Duplicate_Boolean_Operand	same_operands	close
Duplicate_Boolean_Operand	redundant_boolean_expressions	close
Exception_Swallowed	silent_exception_handlers	close
Exception_Swallowed	trivial_exception_handlers	close
Address_Clause	at_representation_clauses	close
Address_Clause	address_specifications_for_initialized_objects	close
Address_Clause	address_specifications_for_local_objects	close
Empty_If_Body	null_paths	close
Empty_Elsif_Body	null_paths	close
Empty_Then_Body	null_paths	close
Empty_Else_Body	null_paths	close
Null_Case_Alternative	null_paths	close
Redundant_Boolean_Comparison	redundant_boolean_expressions	close
Redundant_Boolean_Comparison	boolean_negations	close
Missing_Global_Contract	spark_procedures_without_globals	close
Uninitialized_Output	unassigned_out_parameters	close
Identical_Case_Alternative	duplicate_branches	close	+RDuplicate_Branches:min_stmt=1,min_size=1
Exception_Propagation	exception_propagation_from_callbacks	close
Exception_Propagation	exception_propagation_from_export	close
Exception_Propagation	exception_propagation_from_tasks	close
Library_Level_Initialization	calls_outside_elaboration	close
Naming_Convention	min_identifier_length	close
Missing_Overriding_Indicator	overriding_indicators	direct	+ROverriding_Indicators
No_Pragma	forbidden_pragmas	close	+RForbidden_Pragmas:ALL
Duplicate_With_Clause	warnings:r.with	direct	+RWarnings:r
Long_Line	style_checks:M	direct	+RStyle_Checks:M120
Trailing_Whitespace	style_checks:b	direct	+RStyle_Checks:b
Unused_With_Clause	warnings:u.unit	close	+RWarnings:u
Unused_Variable	warnings:u.object	close	+RWarnings:u
Unused_Parameter	warnings:f	close	+RWarnings:f
Wrong_Parameter_Mode	warnings:k.mode	close	+RWarnings:k
Overwritten_Assignment	warnings:m.overwritten	close	+RWarnings:m
Dead_Store	warnings:m.never	close	+RWarnings:m
Redundant_Type_Conversion	warnings:r.conversion	close	+RWarnings:r
Self_Assignment	warnings:r.self	close	+RWarnings:r
Constant_Condition	warnings:c.always	close	+RWarnings:c
No_Use_Package_Clause	use_package_clauses	direct
Others_In_Case_Statement	others_in_case_statements	direct
Others_In_Exception_Handler	others_in_exception_handlers	direct
Others_In_Aggregate	others_in_aggregates	direct
Unnamed_Exit	unnamed_exits	direct
Unnamed_Block_Or_Loop	unnamed_blocks_and_loops	direct
Implicit_In_Mode	implicit_in_mode_parameters	direct
Function_Out_Parameter	function_out_parameters	direct
Raising_Predefined_Exception	raising_predefined_exceptions	direct
Anonymous_Array_Type	anonymous_arrays	direct
Enumeration_Representation_Clause	enumeration_representation_clauses	direct
Relative_Delay	relative_delay_statements	direct
No_Block_Statement	blocks	direct
Global_Variable	global_variables	direct
Predefined_Numeric_Type	predefined_numeric_types	direct
Abstract_Type_Declaration	abstract_type_declarations	direct
Exit_From_Conditional_Loop	exits_from_conditional_loops	direct
Expanded_Loop_Exit_Name	expanded_loop_exit_names	direct
Conditional_Expression	conditional_expressions	direct
Quantified_Expression	quantified_expressions	direct
Membership_Test	membership_tests	direct
Generic_In_Out_Object	generic_in_out_objects	direct
Generic_In_Subprogram	generics_in_subprograms	direct
Local_Use_Clause	local_use_clauses	direct
Library_Level_Subprogram	library_level_subprograms	direct
Multiple_Protected_Entries	multiple_entries_in_protected_definitions	direct
Non_Tagged_Derived_Type	non_tagged_derived_types	direct
No_Closing_Name	no_closing_names	direct
Operator_Renaming	operator_renamings	direct
Overloaded_Operator	overloaded_operators	direct
Single_Value_Enumeration_Type	single_value_enumeration_types	direct
Unconstrained_Array_Type	unconstrained_arrays	direct
Unconditional_Exit	unconditional_exits	direct
Binary_Case_Statement	binary_case_statements	direct
Concurrent_Interface	concurrent_interfaces	direct
Anonymous_Access_Type	anonymous_access	direct
Renaming_Declaration	renamings	direct
Separate_Unit	separates	direct
Array_Slice	slices	direct
Number_Declaration	number_declarations	direct
Local_Package	local_packages	direct
Declaration_In_Block	declarations_in_blocks	close
Outer_Loop_Exit	outer_loop_exits	direct
Exit_Without_Loop_Name	exit_statements_with_no_loop_name	direct
Expression_Function	expression_functions	direct
Size_Attribute_For_Type	size_attribute_for_types	direct
Enumeration_Range_In_Case_Statement	enumeration_ranges_in_case_statements	direct
Lowercase_Keyword	lowercase_keywords	direct
Printable_ASCII	printable_ascii	direct
End_Of_Line_Comment	end_of_line_comments	direct
Maximum_Lines	maximum_lines	direct
Maximum_Identifier_Length	max_identifier_length	direct
Numeric_Format	numeric_format	direct
Parameters_Out_Of_Order	parameters_out_of_order	direct
Maximum_Subprogram_Lines	maximum_subprogram_lines	direct
Maximum_Out_Parameters	maximum_out_parameters	direct
Default_Parameter	default_parameters	direct
Uncommented_Begin	uncommented_begin	direct
Uncommented_Begin_In_Package_Body	uncommented_begin_in_package_bodies	direct
Uncommented_End_Record	uncommented_end_record	direct
Object_Declaration_Out_Of_Order	object_declarations_out_of_order	direct
One_Construct_Per_Line	one_construct_per_line	direct
Logical_SLOC	metrics_lsloc	direct	+RMetrics_LSLOC:200
Positional_Parameter	positional_parameters	direct
Positional_Defaulted_Parameter	positional_actuals_for_defaulted_parameters	direct
Positional_Generic_Parameter	positional_generic_parameters	direct
Positional_Component	positional_components	direct
Non_Qualified_Aggregate	non_qualified_aggregates	direct
Nested_Subprogram	nested_subprograms	direct
Boolean_Relational_Operator	boolean_relational_operators	direct
Fixed_Equality	fixed_equality_checks	direct
Unconstrained_Array_Return	unconstrained_array_returns	direct
Deriving_From_Predefined_Type	deriving_from_predefined_type	direct
Visible_Component	visible_components	direct
Object_Of_Anonymous_Type	objects_of_anonymous_types	direct
Numeric_Indexing	numeric_indexing	direct
Local_Instantiation	local_instantiations	direct
Explicit_Inlining	explicit_inlining	direct
Pos_On_Enumeration_Type	pos_on_enumeration_types	direct
Implicit_Small	implicit_small_for_fixed_point_types	direct
Ada05_Formal_Package	ada05_formal_packages	direct
Separate_Numeric_Error_Handler	separate_numeric_error_handlers	direct
One_Tagged_Type_Per_Package	one_tagged_type_per_package	direct
Explicit_Full_Discrete_Range	explicit_full_discrete_ranges	direct
Universal_Range	universal_ranges	direct
Default_Value_For_Record_Component	default_values_for_record_components	direct
Uninitialized_Global_Variable	uninitialized_global_variables	direct
Deep_Library_Hierarchy	deep_library_hierarchy	direct
Deeply_Nested_Generic	deeply_nested_generics	direct
Overly_Nested_Scope	overly_nested_scopes	direct
Specific_Type_Invariant	specific_type_invariants	direct
Volatile_Object_Without_Address	volatile_objects_without_address_clauses	direct
Too_Many_Primitives	too_many_primitives	direct
Deep_Inheritance_Hierarchy	deep_inheritance_hierarchies	direct
Too_Many_Parents	too_many_parents	direct
Specific_Pre_Post	specific_pre_post	direct
Constructor	constructors	direct
Misnamed_Controlling_Parameter	misnamed_controlling_parameters	direct
Non_Component_In_Barrier	non_component_in_barriers	direct
Constant_Overlay	constant_overlays	direct
Non_Constant_Overlay	non_constant_overlays	direct
Nonoverlay_Address_Specification	nonoverlay_address_specifications	direct
Not_Imported_Overlay	not_imported_overlays	direct
Address_Of_Non_Volatile_Object	address_attribute_for_non_volatile_objects	direct
Access_To_Local_Object	access_to_local_objects	direct
Bit_Record_Without_Layout	bit_records_without_layout_definition	direct
No_Scalar_Storage_Order	no_scalar_storage_order_specified	direct
Incomplete_Representation_Specification	incomplete_representation_specifications	direct
Misplaced_Representation_Item	misplaced_representation_items	direct
Representation_Specification	representation_specifications	direct
Unchecked_Address_Conversion	unchecked_address_conversions	direct
Unchecked_Conversion_As_Actual	unchecked_conversions_as_actuals	direct
Use_Simple_Loop	use_simple_loops	direct
Use_While_Loop	use_while_loops	direct
Use_For_Loop	use_for_loops	direct
Use_Range	use_ranges	direct
Use_Membership	use_memberships	direct
Use_If_Expression	use_if_expressions	direct
Use_Case_Statement	use_case_statements	direct
Use_Record_Aggregate	use_record_aggregates	direct
Use_For_Of_Loop	use_for_of_loops	direct
Use_Array_Slice	use_array_slices	direct
Discriminated_Record	discriminated_records	direct
Anonymous_Subtype	anonymous_subtypes	direct
No_Explicit_Real_Range	no_explicit_real_range	direct
Membership_For_Validity	membership_for_validity	direct
Positional_Defaulted_Generic_Parameter	positional_actuals_for_defaulted_generic_parameters	direct
Deeply_Nested_Instantiation	deeply_nested_instantiations	direct
Too_Many_Generic_Dependencies	too_many_generic_dependencies	direct
Raising_External_Exception	raising_external_exceptions	direct
Final_Package	final_package	direct
Direct_Call_To_Primitive	direct_calls_to_primitives	direct
Downward_View_Conversion	downward_view_conversions	direct
Specific_Parent_Type_Invariant	specific_parent_type_invariant	direct
No_Inherited_Classwide_Pre	no_inherited_classwide_pre	direct
Non_SPARK_Attribute	non_spark_attributes	direct
Nested_Path	nested_paths	direct
Essential_Complexity	metrics_essential_complexity	direct
Maximum_Expression_Complexity	maximum_expression_complexity	direct
Improperly_Located_Instantiation	improperly_located_instantiations	direct
Function_Style_Procedure	function_style_procedures	direct
Exception_As_Control_Flow	exceptions_as_control_flow	direct
Complex_Inlined_Subprogram	complex_inlined_subprograms	direct
Ada_2022_In_Ghost_Code	ada_2022_in_ghost_code	direct
Same_Logic	same_logic	direct
Suspicious_Equality	suspicious_equalities	direct
Non_Visible_Exception	non_visible_exceptions	direct
Outbound_Protected_Assignment	outbound_protected_assignments	direct
Outside_Reference_From_Subprogram	outside_references_from_subprograms	direct
Variable_Scoping	variable_scoping	direct
Out_Parameter_Read_In_Exception_Handler	out_parameter_read_in_exception_handler	direct
Predicate_Testing	predicate_testing	direct
Profile_Discrepancy	profile_discrepancies	direct
